{
  "project_info": {
    "project_number": "651631227689",
    "firebase_url": "https://barberbooking-70786.firebaseio.com",
    "project_id": "barberbooking-70786",
    "storage_bucket": "barberbooking-70786.appspot.com"
  },
  "client": [
    {
      "client_info": {
        "mobilesdk_app_id": "1:651631227689:android:33e6133cec3d0e7f",
        "android_client_info": {
          "package_name": "m.google.barberbooking"
        }
      },
      "oauth_client": [
        {
          "client_id": "651631227689-l1cbopltq6jcs3fhqbmt7dq4jghijeb4.apps.googleusercontent.com",
          "client_type": 1,
          "android_info": {
            "package_name": "m.google.barberbooking",
            "certificate_hash": "460d0aede098046bada766a540bb2628c198cc65"
          }
        },
        {
          "client_id": "651631227689-rdjlq6oieapot47jc174ok1f2v3jl4kd.apps.googleusercontent.com",
          "client_type": 3
        }
      ],
      "api_key": [
        {
          "current_key": "AIzaSyA2pfhS00HWBTsK2c7Z-ZQR-1dYpQyL-tk"
        }
      ],
      "services": {
        "appinvite_service": {
          "other_platform_oauth_client": [
            {
              "client_id": "651631227689-rdjlq6oieapot47jc174ok1f2v3jl4kd.apps.googleusercontent.com",
              "client_type": 3
            }
          ]
        }
      }
    }
  ],
  "configuration_version": "1"
}